block_group,avg_cost_per_mbps,max_cost_per_mbps,number_of_addresses,holc_grade
60371210202,0.7333333333333333,0.7333333333333333,1,E
60371222002,5.5,5.5,1,E
60371233012,0.55,0.55,1,E
60371272102,0.18333333333333332,0.18333333333333332,1,E
60371415001,1.1,1.1,1,E
60371416001,2.3466666666666653,11.0,25,E
60371416003,57.931985294117645,71.61458333333333,17,E
60371437001,9.44450904392765,71.61458333333333,43,E
60371437002,29.84055555555555,71.61458333333333,20,E
60371439011,2.207638888888889,3.0555555555555554,8,B
60371439012,1.8944444444444444,3.0555555555555554,2,E
60371810001,46.18811728395061,71.61458333333333,27,E
60371810002,48.17291666666666,71.61458333333333,22,A
60371810003,34.42445175438596,71.61458333333333,19,B
60371810004,40.657986111111114,71.61458333333333,18,B
60371810005,26.68992248062014,71.61458333333333,43,A
60371813001,12.187369791666669,71.61458333333333,32,C
60371813002,29.104166666666668,71.61458333333333,7,C
60371813003,34.789735772357716,71.61458333333333,41,B
60371814001,6.3043010752688176,55.0,31,C
60371814002,0.8682870370370374,3.0555555555555554,24,C
60371814003,28.8917328042328,71.61458333333333,21,C
60371815001,4.072376543209876,55.0,36,C
60371815002,3.2877777777777775,11.0,45,C
60371815003,4.625238095238093,11.0,35,C
60371816001,1.7722222222222217,11.0,30,C
60371816002,9.617154654654655,71.61458333333333,37,C
60371831011,6.3,11.0,11,C
60371831012,1.6683333333333332,11.0,30,C
60371831013,2.511921296296296,11.0,48,C
60371831031,12.222222222222221,55.0,18,C
60371831032,0.9064814814814816,3.0555555555555554,24,D
60371831041,4.5049903100775195,71.61458333333333,43,E
60371832201,1.1000000000000003,2.2,23,C
60371832202,3.772592592592593,11.0,30,C
60371832203,2.5972222222222228,11.0,22,C
60371832211,8.330409356725147,11.0,19,C
60371832212,1.6446859903381639,11.0,46,C
60371832221,2.6057777777777784,11.0,25,C
60371832222,2.7100427350427343,11.0,26,C
60371832223,2.0690476190476197,11.0,14,C
60371833001,0.18333333333333332,0.18333333333333332,12,C
60371833002,1.651340996168582,5.5,29,C
60371833003,1.1407407407407408,11.0,33,C
60371834011,1.1055555555555556,5.5,33,C
60371834012,0.7944444444444446,3.0555555555555554,30,C
60371834021,0.4175925925925926,1.1,18,C
60371834022,0.6454861111111113,3.0555555555555554,32,C
60371835101,4.833597883597884,55.0,84,C
60371835102,1.8976608187134507,5.5,19,C
60371835201,4.685185185185185,5.5,9,C
60371835202,6.131481481481482,11.0,9,C
60371836101,6.345370370370371,11.0,18,C
60371836102,7.256944444444445,11.0,16,C
60371836201,2.873611111111112,55.0,44,C
60371836202,3.3101851851851847,11.0,18,C
60371837011,9.909282700421945,55.0,79,C
60371837012,9.73076923076923,11.0,13,C
60371837013,6.885185185185185,11.0,9,C
60371837021,41.20537280701755,71.61458333333333,19,C
60371837022,32.79804687500001,71.61458333333333,32,C
60371838101,9.777777777777779,11.0,9,C
60371838102,6.362745098039216,11.0,17,C
60371838201,17.40497448979592,71.61458333333333,49,E
60371838202,13.129032258064516,55.0,31,C
60371852021,3.9637931034482756,55.0,29,C
60371852022,46.543749999999996,71.61458333333333,11,C
60371852023,0.6984126984126983,11.0,21,C
60371852031,64.6189692982456,71.61458333333333,19,D
60371852032,49.1125,71.61458333333333,11,C
60371852041,3.430208333333336,71.61458333333333,22,B
60371852042,30.386458333333334,71.61458333333333,22,C
60371853101,21.938642473118275,71.61458333333333,31,D
60371853102,0.1833333333333333,0.18333333333333332,26,D
60371853201,3.9015625000000007,11.0,32,D
60371853202,6.697395833333334,71.61458333333333,20,D
60371861001,69.24107142857144,71.61458333333333,14,B
60371861002,66.50240384615385,71.61458333333333,13,B
60371861003,43.47539414414413,71.61458333333333,37,B
60371861004,66.9994212962963,71.61458333333333,18,B
60371862011,2.5605555555555553,55.0,40,C
60371862021,1.9008771929824562,5.5,19,B
60371862022,15.599999999999996,55.0,11,C
60371862031,28.480324074074073,71.61458333333333,45,B
60371862032,1.416091954022989,2.2,29,C
60371863011,66.63020833333334,71.61458333333333,10,E
60371863013,71.61458333333333,71.61458333333333,1,C
60371863021,32.80277777777778,71.61458333333333,33,B
60371863022,40.69159722222222,71.61458333333333,30,B
60371863023,59.58695175438597,71.61458333333333,19,B
60371864012,71.61458333333333,71.61458333333333,2,E
60371864031,71.61458333333333,71.61458333333333,4,C
60371864032,53.756770833333334,71.61458333333333,4,C
60371864041,46.97280092592593,71.61458333333333,18,D
60371864042,0.5041666666666668,0.7333333333333333,12,C
60371871011,0.4354166666666668,1.1,40,C
60371871012,13.229166666666668,71.61458333333333,44,C
60371871021,0.18333333333333332,0.18333333333333332,29,C
60371871022,6.216053921568631,71.61458333333333,34,E
60371872001,10.513511904761904,71.61458333333333,35,D
60371872002,2.867744252873564,71.61458333333333,29,D
60371873001,12.682738095238099,71.61458333333333,49,B
60371873002,3.658534946236561,71.61458333333333,62,B
60371881001,7.9841666666666695,55.0,20,E
60371881002,0.6179012345679014,2.2,27,C
60371881003,1.1717391304347826,11.0,23,D
60371882011,15.633750000000003,71.61458333333333,25,B
60371882012,28.245937500000004,71.61458333333333,20,B
60371882013,6.45204678362573,55.0,19,B
60371882021,67.18402777777779,71.61458333333333,15,A
60371882022,52.292137096774184,71.61458333333333,31,A
60371882023,14.468055555555551,55.0,12,B
60371883001,0.28416666666666673,2.2,20,C
60371883002,2.869459219858158,71.61458333333333,47,C
60371883003,9.112239583333336,71.61458333333333,32,E
60371891011,2.9813492063492064,11.0,28,C
60371891012,5.561111111111112,11.0,30,C
60371891013,0.7884087791495198,3.0555555555555554,81,C
60371891021,3.707407407407408,11.0,18,A
60371891022,3.6317460317460317,11.0,21,C
60371891023,2.5850000000000004,11.0,10,C
60371892011,11.899919871794872,71.61458333333333,26,C
60371892012,4.732291666666667,5.5,16,C
60371892021,22.830729166666664,71.61458333333333,20,A
60371892022,2.16140350877193,11.0,19,B
60371892023,0.8996913580246915,5.5,36,B
60371893001,2.3459183673469384,11.0,49,A
60371893002,18.641944444444444,71.61458333333333,30,B
60371893003,4.232608695652174,11.0,23,A
60371894001,22.34456845238094,71.61458333333333,56,B
60371894002,2.288888888888889,5.5,22,B
60371894003,3.3197712418300633,55.0,34,B
60371896001,1.9408045977011503,11.0,29,B
60371896002,3.330555555555556,11.0,22,D
60371896003,1.6116279069767445,11.0,43,B
60371897021,11.95788784067086,71.61458333333333,53,E
60371899031,3.037581699346406,5.5,17,B
60371899041,1.7277777777777779,3.0555555555555554,11,B
60371899051,0.9472222222222223,1.1,6,B
60371899052,1.4,3.0555555555555554,11,B
60371902011,2.800925925925926,11.0,12,E
60371902012,4.075,11.0,88,E
60371902021,1.7263888888888892,11.0,32,B
60371902022,5.775,11.0,10,E
60371904011,13.409523809523808,55.0,14,C
60371904012,4.532539682539684,11.0,77,C
60371904021,10.541666666666666,11.0,12,C
60371905101,8.9375,11.0,16,C
60371905102,6.934365079365079,11.0,70,C
60371905201,6.416666666666667,11.0,12,C
60371905202,8.394736842105264,11.0,19,C
60371908011,1.6156249999999999,5.5,16,D
60371908012,3.055555555555556,3.0555555555555554,12,D
60371908021,7.21875,11.0,16,C
60371908022,4.208518518518519,11.0,15,D
60371908023,5.510185185185183,11.0,60,D
60371909011,4.454427083333333,71.61458333333333,56,D
60371909012,1.2694444444444448,3.0555555555555554,22,D
60371909013,4.555555555555556,11.0,11,C
60371909021,2.7703703703703706,5.5,21,C
60371909022,1.3410493827160497,5.5,18,D
60371909023,1.9152625152625153,11.0,91,D
60371910001,4.354166666666667,11.0,8,E
60371910002,3.544444444444445,5.5,10,C
60371910003,3.0555555555555562,3.0555555555555554,16,E
60371911101,10.113888888888889,55.0,20,C
60371911102,4.247222222222222,11.0,10,C
60371911201,6.448275862068965,11.0,29,C
60371911202,5.197222222222223,11.0,22,C
60371912011,5.472222222222222,11.0,22,C
60371912012,2.8091397849462374,5.5,31,C
60371912031,1.7111111111111112,3.0555555555555554,12,C
60371912032,2.7918128654970755,5.5,19,C
60371912041,2.007118055555556,5.5,32,C
60371913011,0.8602564102564101,1.1,13,D
60371913012,2.874666666666667,5.5,25,D
60371913021,2.8212962962962966,11.0,30,D
60371913022,7.7777777777777795,55.0,11,C
60371914101,4.9444444444444455,11.0,11,D
60371914102,6.420486111111111,71.61458333333333,30,D
60371914201,1.5827777777777783,5.5,20,D
60371914202,4.5702380952380945,11.0,14,D
60371915001,3.512757201646091,11.0,27,C
60371915002,1.8138888888888893,5.5,20,C
60371915003,5.556410256410258,11.0,13,C
60371916101,5.946376811594202,11.0,23,C
60371916102,7.689215686274508,11.0,34,C
60371916201,2.306280193236715,11.0,23,C
60371917101,1.655820105820106,11.0,21,E
60371917102,5.622222222222222,11.0,27,D
60371917201,8.715123456790124,55.0,18,D
60371917202,1.3156862745098041,11.0,17,D
60371918101,1.8180555555555558,3.0555555555555554,12,D
60371918102,3.2490740740740747,11.0,18,E
60371918103,4.657539682539682,11.0,14,E
60371918201,8.610555555555555,11.0,10,C
60371918202,0.9268518518518519,3.0555555555555554,12,D
60371918203,2.2130952380952382,5.5,14,C
60371919011,14.244517543859649,71.61458333333333,19,E
60371919012,13.095238095238095,55.0,21,E
60371919021,6.856410256410259,55.0,39,C
60371919022,8.277777777777777,55.0,33,C
60371920011,2.2141025641025642,11.0,13,C
60371920012,0.6487179487179486,11.0,52,C
60371920021,0.3404761904761905,1.1,35,C
60371920022,0.33000000000000007,1.1,40,C
60371920023,0.498666666666667,1.1,50,C
60371923001,2.10128205128205,11.0,26,C
60371923002,6.695147679324893,55.0,79,E
60371923003,4.852222222222222,11.0,20,C
60371924101,37.381994047619045,71.61458333333333,14,C
60371924102,0.6722222222222223,3.0555555555555554,10,C
60371924103,4.671014492753623,55.0,23,C
60371924104,1.5672043010752683,11.0,31,C
60371924201,25.86145833333333,71.61458333333333,10,D
60371924202,43.78780864197532,71.61458333333333,18,C
60371925101,24.709558823529413,71.61458333333333,17,C
60371925102,0.7253623188405799,2.2,23,C
60371925201,1.8516666666666661,11.0,20,C
60371925202,12.878362573099416,55.0,19,C
60371926101,7.7,11.0,15,C
60371926102,8.033333333333333,11.0,11,C
60371926103,12.584305555555556,71.61458333333333,15,C
60371926201,9.867647058823529,55.0,68,C
60371926202,14.582051282051282,55.0,13,C
60371927001,2.690860215053762,11.0,31,D
60371927002,12.357175925925926,71.61458333333333,9,D
60371941011,15.885706018518515,71.61458333333333,60,E
60371941021,50.622200520833324,71.61458333333333,32,E
60371941022,11.551175213675213,71.61458333333333,39,E
60371941023,7.323680555555558,71.61458333333333,30,E
60371942001,7.427770146520134,71.61458333333333,91,A
60371942002,20.805059523809522,71.61458333333333,56,A
60371943001,22.867876344086017,71.61458333333333,31,A
60371943002,57.297732843137226,71.61458333333333,34,A
60371943003,4.258680555555556,71.61458333333333,36,A
60371944011,0.8376693766937671,3.0555555555555554,41,C
60371944012,1.6347222222222224,5.5,20,C
60371944021,1.9148148148148147,11.0,24,C
60371944022,1.241025641025641,3.0555555555555554,13,C
60371944023,1.6011111111111114,11.0,40,B
60371945001,1.8129629629629629,5.5,27,C
60371945002,3.4025793650793643,11.0,56,C
60371951001,6.152831196581197,71.61458333333333,39,B
60371951002,27.978124999999988,71.61458333333333,22,E
60371951003,17.472812499999982,71.61458333333333,40,B
60371951004,7.597118794326243,71.61458333333333,47,B
60371952011,0.7752380952380955,5.5,35,B
60371952012,0.3666666666666668,2.2,37,B
60371952021,2.8391891891891885,11.0,37,B
60371952022,0.7583333333333335,2.2,44,B
60371952023,7.226881720430106,11.0,31,E
60371953001,3.0781893004115237,55.0,27,C
60371953002,2.1247863247863252,11.0,13,C
60371953003,3.578395061728393,11.0,45,C
60371954001,10.373916666666666,71.61458333333333,25,B
60371954002,4.80204678362573,11.0,38,D
60371954003,3.8430158730158723,11.0,35,B
60371954004,0.30680272108843554,5.5,49,B
60371955001,0.22846153846153858,2.2,65,C
60371955002,21.73179012345677,71.61458333333333,45,D
60371955003,0.18333333333333338,0.18333333333333332,36,C
60371955004,3.530208333333334,71.61458333333333,22,D
60371956001,2.211458333333333,11.0,16,C
60371956002,10.40686274509804,55.0,17,C
60371956003,0.18333333333333326,0.18333333333333332,16,C
60371956004,7.475925925925927,55.0,18,C
60371957101,6.035897435897436,55.0,26,D
60371957102,1.8474358974358975,11.0,13,D
60371957103,1.867283950617284,11.0,9,D
60371957201,6.652380952380954,55.0,21,D
60371957202,0.5630952380952382,5.5,14,D
60371958021,3.7342105263157905,55.0,19,D
60371958022,4.1461538461538465,11.0,26,D
60371958031,0.3038095238095239,2.2,35,C
60371958032,0.39623655913978506,2.2,31,D
60371958041,0.6984126984126986,11.0,21,D
60371958042,4.652702702702704,55.0,37,D
60371959011,2.4301418439716316,11.0,47,D
60371959021,1.9391025641025625,11.0,26,C
60371959022,0.7180555555555556,11.0,24,C
60371959031,0.5041666666666668,1.1,24,D
60371959032,0.41904761904761906,1.1,14,D
60371972001,0.18333333333333335,0.18333333333333332,34,D
60371972002,0.18333333333333335,0.18333333333333332,34,D
60371972003,3.754895833333335,71.61458333333333,20,D
60371973001,3.3084876543209885,55.0,36,C
60371973002,6.274074074074075,55.0,18,C
60371973003,1.7460317460317474,55.0,42,C
60371974101,2.848370181405896,71.61458333333333,49,C
60371974102,14.321426151761512,71.61458333333333,41,C
60371974103,0.18333333333333338,0.18333333333333332,36,C
60371974201,5.831309523809523,71.61458333333333,35,C
60371974202,6.182469512195125,71.61458333333333,41,C
60371975001,6.5386824324324335,71.61458333333333,37,D
60371975002,0.5563218390804598,11.0,29,D
60371975003,0.18333333333333324,0.18333333333333332,19,D
60371976001,17.172222222222224,55.0,9,D
60371976002,2.399509803921568,11.0,34,D
60371977001,14.219791666666667,71.61458333333333,26,D
60371977002,21.637152777777775,71.61458333333333,30,D
60371977003,22.061111111111114,55.0,3,D
60371991101,6.250839120370369,71.61458333333333,24,E
60371991102,1.6622222222222205,11.0,30,E
60371991201,9.683760683760681,55.0,26,D
60371991202,21.326822916666664,71.61458333333333,16,E
60371992011,2.35982905982906,5.5,13,D
60371992012,3.1240740740740747,11.0,33,D
60371992021,1.3269841269841272,11.0,28,D
60371992022,2.3348659003831416,11.0,29,D
60371993001,30.231784188034197,71.61458333333333,39,E
60371993002,5.190218676122931,71.61458333333333,47,D
60371994001,2.587037037037037,11.0,9,D
60371994002,13.294571596244129,71.61458333333333,71,E
60371994003,1.0282608695652176,11.0,23,D
60371997001,7.17037037037037,11.0,15,E
60371997002,5.251481481481481,11.0,15,E
60371999001,4.226851851851851,11.0,24,E
60371999002,4.746296296296296,11.0,21,E
60372011101,0.825,5.5,18,E
60372011102,0.741304347826087,2.2,23,E
60372011201,0.6464912280701756,5.5,19,C
60372011202,0.18333333333333335,0.18333333333333332,32,E
60372011203,0.9991666666666669,5.5,20,B
60372012001,0.6381410256410258,2.2,52,D
60372013011,39.15870726495727,71.61458333333333,26,D
60372013012,3.4062943262411354,71.61458333333333,47,E
60372013021,1.5481481481481483,2.2,9,E
60372013022,59.501851851851846,71.61458333333333,24,E
60372013023,2.4829506802721073,71.61458333333333,49,E
60372014011,15.178885135135134,71.61458333333333,37,C
60372014012,1.883968253968253,55.0,35,E
60372014021,1.3628930817610063,2.2,53,E
60372014022,1.137931034482759,5.5,29,E
60372014023,5.713664215686275,71.61458333333333,34,E
60372015011,0.1833333333333333,0.18333333333333332,25,C
60372015012,1.0256756756756762,2.2,37,C
60372015013,3.8374382716049387,71.61458333333333,45,C
60372015031,10.453273809523811,71.61458333333333,28,C
60372015032,2.646479885057473,71.61458333333333,29,C
60372015041,0.42500000000000016,1.1,44,C
60372016011,3.689133986928102,71.61458333333333,51,C
60372016021,0.5892857142857143,1.1,28,C
60372016022,6.801268115942024,71.61458333333333,23,C
60372016023,0.8799999999999999,1.1,20,C
60372017001,1.334666666666667,11.0,25,C
60372017002,3.877690972222221,71.61458333333333,24,C
60372017003,0.9574074074074077,5.5,18,C
60372031001,5.6499999999999995,55.0,11,D
60372031002,23.507175925925928,71.61458333333333,33,D
60372031003,26.33611111111111,71.61458333333333,33,D
60372032001,1.5209876543209877,55.0,54,D
60372032002,2.824999999999998,55.0,22,D
60372033001,20.288411458333332,71.61458333333333,16,D
60372035001,25.328645833333333,71.61458333333333,8,D
60372035002,59.640625,71.61458333333333,12,E
60372035003,1.83654970760234,11.0,19,D
60372037101,0.1833333333333333,0.18333333333333332,14,D
60372037102,0.6875,2.2,28,D
60372037201,6.710218253968256,71.61458333333333,21,D
60372037202,0.6477777777777778,1.1,15,D
60372038001,0.9166666666666665,2.2,18,D
60372038002,0.2658333333333333,1.1,20,D
60372038003,0.3753968253968254,1.1,21,D
60372038004,0.18333333333333326,0.18333333333333332,16,D
60372039001,1.5237037037037038,5.5,15,D
60372039002,1.3800925925925924,3.0555555555555554,12,D
60372041101,0.6555555555555556,3.0555555555555554,22,E
60372041102,1.7671296296296297,11.0,12,D
60372041103,0.3666666666666667,0.7333333333333333,17,D
60372041201,4.969298245614034,11.0,19,D
60372041202,0.6775362318840579,2.2,23,D
60372042001,3.422222222222221,11.0,15,D
60372042002,3.254830917874395,11.0,23,D
60372043001,1.1666666666666667,11.0,11,D
60372043002,0.18333333333333335,0.18333333333333332,32,D
60372043003,2.6794871794871797,11.0,13,D
60372044101,1.5430555555555558,11.0,12,D
60372044102,0.6039215686274508,0.7333333333333333,17,D
60372044201,0.5614583333333334,1.1,16,D
60372044202,0.40333333333333327,1.1,15,D
60372046001,0.6243243243243246,11.0,37,D
60372046002,0.8587719298245614,11.0,19,D
60372047001,2.063398692810457,55.0,51,D
60372047002,2.460526315789473,11.0,19,D
60372047003,0.7474358974358977,1.1,26,D
60372048101,0.41904761904761917,2.2,28,D
60372048102,0.4702898550724639,1.1,23,D
60372048103,0.3079059829059829,3.0555555555555554,26,D
60372048201,3.2607142857142866,11.0,14,D
60372048202,1.8726190476190478,11.0,28,D
60372049101,0.7758928571428569,3.0555555555555554,56,D
60372049201,0.1833333333333334,0.18333333333333332,44,D
60372049202,4.737719298245615,11.0,19,D
60372051101,30.02956349206349,71.61458333333333,14,D
60372051201,4.095597484276731,11.0,53,D
60372051202,33.89857456140351,71.61458333333333,19,D
60372060101,7.50925245098039,71.61458333333333,34,E
60372060102,8.380263157894738,11.0,38,E
60372060201,42.6093201754386,71.61458333333333,19,E
60372060501,53.04166666666666,71.61458333333333,11,D
60372071011,1.2765432098765435,3.0555555555555554,9,D
60372071021,6.016049382716051,11.0,18,E
60372071031,1.3740740740740744,3.0555555555555554,33,D
60372071032,8.480864197530863,55.0,18,D
60372074001,5.263194444444443,11.0,48,E
60372075011,4.915625,11.0,16,D
60372075021,2.8563786008230463,5.5,27,E
60372083011,3.4206552706552666,5.5,78,C
60372083021,2.505555555555555,5.5,12,D
60372083022,2.261111111111111,5.5,15,D
60372083023,5.151666666666667,11.0,20,C
60372084011,4.380845771144275,55.0,67,C
60372084012,1.7612535612535618,11.0,78,C
60372084021,2.780555555555556,11.0,20,D
60372084022,0.636842105263158,3.0555555555555554,19,D
60372085011,2.04212962962963,11.0,12,D
60372085012,6.449259259259259,55.0,15,D
60372085021,1.4488425925925927,11.0,48,C
60372085022,2.7587301587301587,5.5,7,C
60372085023,1.8638888888888887,5.5,8,C
60372086101,4.005128205128205,11.0,26,D
60372086102,6.025555555555556,11.0,15,C
60372086201,1.7686274509803923,11.0,17,D
60372086202,5.651555555555555,11.0,25,C
60372086203,1.972222222222222,5.5,11,C
60372087101,4.231944444444442,11.0,64,C
60372087201,1.57008547008547,3.0555555555555554,13,C
60372087202,3.303594771241831,11.0,34,E
60372088011,4.872316384180791,11.0,59,E
60372088012,1.5309941520467838,3.0555555555555554,19,C
60372088021,2.1247863247863252,11.0,13,C
60372088022,2.090547263681591,11.0,67,E
60372089021,5.857407407407408,11.0,33,E
60372089022,5.796296296296295,11.0,33,E
60372089031,6.6561164529914505,71.61458333333333,26,C
60372089032,7.159713648834019,71.61458333333333,81,E
60372089041,4.347398030942331,11.0,79,C
60372089042,5.770201210826207,71.61458333333333,78,C
60372091031,5.75462962962963,11.0,12,C
60372091041,3.7859078590785904,11.0,41,C
60372093001,7.55,11.0,11,D
60372093002,7.1998538011695885,55.0,38,D
60372094011,1.726388888888889,5.5,12,D
60372094012,1.574786324786324,3.0555555555555554,78,D
60372094021,1.8297385620915034,5.5,51,D
60372094022,6.518518518518518,11.0,9,D
60372094031,8.433333333333334,11.0,30,D
60372094032,1.0181111111111114,3.0555555555555554,50,D
60372095101,3.5245833333333336,11.0,40,D
60372095102,1.90071225071225,11.0,78,D
60372095201,5.0636150234741795,55.0,71,D
60372095202,4.826851851851852,11.0,66,D
60372098101,5.575213675213672,55.0,65,D
60372098102,5.757026143790849,11.0,34,D
60372098201,6.6,11.0,10,D
60372098202,9.459999999999999,11.0,10,D
60372100101,9.017283950617283,11.0,9,D
60372100102,9.166666666666666,11.0,6,D
60372100103,5.870567375886527,11.0,47,D
60372110001,1.847435897435896,11.0,26,B
60372110002,8.696581196581196,11.0,13,A
60372110003,4.065686274509804,11.0,17,B
60372110004,1.9073099415204682,5.5,19,B
60372110005,4.623188405797102,55.0,23,A
60372111211,4.896527777777779,71.61458333333333,55,D
60372111212,2.713333333333334,11.0,10,C
60372111221,25.666666666666668,55.0,3,C
60372111222,24.739814814814807,71.61458333333333,66,C
60372112011,1.0175000000000003,2.2,40,C
60372112012,0.8038461538461541,2.2,13,C
60372112021,49.5,55.0,8,C
60372113101,0.9898148148148145,3.0555555555555554,66,C
60372113102,1.2055555555555557,3.0555555555555554,11,C
60372113201,28.435763888888886,71.61458333333333,6,C
60372113202,32.23065476190476,71.61458333333333,7,C
60372114101,5.887946428571427,71.61458333333333,14,C
60372114102,27.143168402777757,71.61458333333333,80,C
60372114201,0.9044444444444444,3.0555555555555554,20,C
60372114202,14.434771825396824,71.61458333333333,14,C
60372115001,26.509490740740745,71.61458333333333,21,C
60372115002,32.27743055555556,71.61458333333333,22,C
60372115003,4.277777777777779,55.0,27,B
60372117011,7.949791666666664,71.61458333333333,10,C
60372117012,4.45,11.0,11,B
60372117013,31.346726190476183,71.61458333333333,7,C
60372117031,26.76001984126983,71.61458333333333,77,C
60372117032,17.642855461393587,71.61458333333333,59,C
60372117041,21.65795869883041,71.61458333333333,76,C
60372117042,3.8244186046511617,11.0,43,C
60372118021,13.322222222222221,55.0,7,E
60372118022,14.716809116809118,55.0,39,E
60372118031,22.903086419753095,55.0,27,C
60372118032,1.1763888888888892,3.0555555555555554,24,C
60372118041,20.62003472222222,71.61458333333333,60,C
60372118042,57.16711956521739,71.61458333333333,46,C
60372119101,7.516666666666666,55.0,8,C
60372119102,4.24156378600823,11.0,27,C
60372119103,1.9496415770609328,3.0555555555555554,31,C
60372119211,7.555291471048514,71.61458333333333,71,C
60372119221,7.34186046511628,55.0,43,C
60372119222,1.425925925925926,3.0555555555555554,36,C
60372121011,6.955882352941175,11.0,34,C
60372121012,6.193424036281179,11.0,49,E
60372121021,8.066666666666666,11.0,11,E
60372121022,15.583333333333334,55.0,24,C
60372122021,4.45392156862745,55.0,17,C
60372122022,1.2833333333333337,5.5,8,C
60372122031,3.3794444444444443,5.5,20,C
60372122032,4.18993055555555,71.61458333333333,62,C
60372122041,2.643650793650791,5.5,77,C
60372122042,1.5422916666666662,11.0,80,C
60372123031,3.5444444444444443,5.5,5,C
60372123041,5.079273504273505,11.0,52,E
60372123051,6.196666666666666,11.0,15,C
60372123061,4.927777777777778,11.0,11,C
60372123062,4.541025641025641,11.0,13,C
60372124101,12.193121693121693,55.0,21,C
60372124102,6.823599340866288,71.61458333333333,59,C
60372124201,8.320428876678871,71.61458333333333,91,C
60372124202,5.09077380952381,11.0,56,C
60372125011,6.471666666666667,55.0,10,C
60372125021,11.027262931034484,71.61458333333333,58,C
60372125022,6.592478632478635,11.0,65,C
60372126101,53.311805555555544,71.61458333333333,9,B
60372126102,29.269526143790852,71.61458333333333,17,B
60372126201,1.2385185185185186,3.0555555555555554,15,B
60372126202,2.5,11.0,11,B
60372127011,19.035792824074072,71.61458333333333,48,B
60372127021,3.752941176470586,55.0,17,B
60372127022,0.7027777777777777,2.2,18,B
60372127023,8.26797385620915,11.0,17,A
60372128001,0.25934959349593506,1.1,41,B
60372128002,6.251666666666668,55.0,20,B
60372128003,7.554622395833334,71.61458333333333,32,B
60372129001,1.0956349206349212,3.0555555555555554,28,B
60372129002,1.4281893004115234,3.0555555555555554,27,B
60372131001,16.21014660493827,71.61458333333333,18,B
60372131002,7.0407306763285025,71.61458333333333,23,B
60372132011,2.5085365853658512,11.0,82,D
60372132012,14.63038194444445,71.61458333333333,12,D
60372132013,17.82326388888888,71.61458333333333,44,D
60372132021,3.1472222222222217,11.0,22,D
60372132022,12.969485294117646,71.61458333333333,17,D
60372133101,2.7765700483091784,11.0,23,D
60372133102,1.107971014492754,5.5,23,D
60372133201,6.531699346405228,11.0,17,D
60372133202,6.200980392156863,11.0,17,D
60372134011,2.442647058823528,11.0,68,C
60372134012,1.6246825396825397,3.0555555555555554,70,C
60372134021,3.85,11.0,14,C
60372134022,5.830342970521541,71.61458333333333,49,C
60372134023,1.5481481481481485,11.0,15,C
60372140001,0.7712643678160921,11.0,29,B
60372140002,0.5245370370370371,3.0555555555555554,24,B
60372140003,0.2275862068965518,0.7333333333333333,29,B
60372140004,0.4670634920634922,3.0555555555555554,28,C
60372141001,0.33263888888888893,1.1,24,C
60372141002,4.800555555555556,11.0,30,B
60372141003,0.6212962962962965,5.5,18,C
60372141004,0.34702380952380957,1.1,28,C
60372144001,0.3422222222222223,1.1,30,C
60372144002,0.488888888888889,1.1,24,C
60372144003,0.42777777777777776,0.7333333333333333,24,C
60372145011,0.3504901960784314,5.5,34,E
60372145012,2.0804347826086937,11.0,23,E
60372145013,1.2763492063492061,11.0,70,E
60372145031,0.25625000000000003,1.1,24,E
60372145032,0.18333333333333332,0.18333333333333332,9,E
60372145033,0.3666666666666666,1.1,7,E
60372146001,4.774814814814814,55.0,15,C
60372146002,0.4827777777777779,1.1,30,C
60372146003,0.7192307692307693,1.1,26,C
60372147001,0.24247311827956994,1.1,31,C
60372147002,2.213580246913579,55.0,27,B
60372147003,0.19642857142857142,0.55,28,B
60372148001,0.7250000000000001,1.1,22,C
60372148002,0.8880208333333335,11.0,32,C
60372148003,6.632352941176472,55.0,17,B
60372149021,7.26,11.0,10,E
60372149022,1.5496031746031746,5.5,14,C
60372151011,1.4813642756680727,11.0,79,C
60372151012,1.3406250000000008,3.0555555555555554,48,C
60372151021,1.6688034188034186,3.0555555555555554,13,C
60372151022,1.1174603174603175,3.0555555555555554,14,C
60372161001,1.0601449275362322,5.5,23,B
60372161002,0.1833333333333334,0.18333333333333332,43,B
60372161003,0.6971193415637862,5.5,27,B
60372164011,16.999965277777783,71.61458333333333,20,C
60372164012,0.8532921810699592,3.0555555555555554,27,C
60372164021,0.48125000000000007,2.2,16,C
60372164022,0.5156250000000001,1.1,16,C
60372167001,45.66746031746032,71.61458333333333,21,B
60372167002,0.21999999999999992,1.1,25,B
60372167003,4.138626126126128,71.61458333333333,37,B
60372168001,5.367083333333336,71.61458333333333,35,B
60372168002,0.2790740740740742,3.0555555555555554,30,B
60372168003,0.2416666666666667,1.1,22,B
60372168004,7.243303571428574,71.61458333333333,28,B
60372170011,8.607663690476192,71.61458333333333,28,C
60372170012,4.46984126984127,55.0,28,C
60372170013,16.628333333333334,55.0,10,C
60372170021,5.377777777777776,55.0,23,C
60372170022,9.203906250000001,71.61458333333333,24,C
60372170023,15.54968971631205,71.61458333333333,47,B
60372172001,0.29569892473118287,2.2,31,B
60372172002,1.47463768115942,11.0,23,E
60372172003,1.208472222222222,11.0,40,B
60372172004,0.2578125000000001,1.1,32,B
60372181101,0.6722222222222226,2.2,42,C
60372181102,40.233645833333334,71.61458333333333,20,C
60372181201,0.8876388888888892,3.0555555555555554,40,C
60372181202,6.484210526315789,11.0,19,C
60372181203,0.9166666666666666,2.2,14,C
60372182101,0.6581196581196581,3.0555555555555554,13,C
60372182102,0.43266666666666675,1.1,25,C
60372182103,4.127673611111112,71.61458333333333,20,C
60372182201,0.44637681159420295,2.2,23,C
60372182202,0.40158730158730177,2.2,42,C
60372182203,5.734455128205131,71.61458333333333,13,C
60372183001,1.0290322580645164,11.0,31,C
60372183002,8.442982456140351,55.0,19,C
60372183003,13.357720588235296,71.61458333333333,17,C
60372183004,2.30576923076923,55.0,26,C
60372183005,3.933518518518519,55.0,30,C
60372184001,0.26551724137931043,2.2,29,C
60372184002,0.25055555555555553,2.2,30,C
60372184003,0.18333333333333324,0.18333333333333332,22,C
60372184004,5.166666666666663,55.0,11,C
60372185001,0.41351851851851856,3.0555555555555554,30,C
60372185002,0.2514285714285715,1.1,35,C
60372186001,0.8298245614035086,1.1,19,C
60372186002,0.5092592592592593,2.2,18,C
60372186003,0.5786458333333334,0.7333333333333333,32,C
60372187011,8.956597222222218,71.61458333333333,28,C
60372187012,0.46269841269841283,3.0555555555555554,28,C
60372187021,8.541176470588235,55.0,17,C
60372187022,6.364285714285714,11.0,14,C
60372188001,2.572988505747127,55.0,29,C
60372188002,1.0298353909465023,3.0555555555555554,27,C
60372189001,5.622222222222222,11.0,36,C
60372189002,2.2977777777777777,5.5,15,C
60372189003,6.282222222222221,11.0,15,C
60372190101,0.5156250000000001,5.5,32,C
60372190102,0.8196078431372549,11.0,34,C
60372190201,0.19052287581699356,0.55,51,C
60372190202,1.0388888888888894,2.2,36,C
60372190203,0.6217391304347827,2.2,23,E
60372193001,2.2475308641975293,55.0,27,C
60372193002,10.283166666666668,71.61458333333333,25,C
60372193003,2.048275862068964,11.0,29,C
60372195001,1.3820987654320982,11.0,27,E
60372195002,20.278703703703687,55.0,36,E
60372197001,0.24803921568627452,1.1,34,C
60372197002,38.92867647058823,71.61458333333333,17,C
60372197003,13.472868217054254,71.61458333333333,43,E
60372198001,0.28039215686274516,0.7333333333333333,17,C
60372198002,0.8814102564102566,2.2,26,C
60372198003,0.47361111111111104,1.1,24,C
60372199011,2.965945512820515,71.61458333333333,26,C
60372199012,0.25384615384615394,1.1,26,C
60372199013,8.621679687500002,71.61458333333333,32,C
60372199021,0.23375000000000004,2.2,40,C
60372199022,3.838172043010754,55.0,31,E
60372199023,12.088541666666666,71.61458333333333,18,C
60372200001,7.435185185185186,55.0,36,C
60372200002,2.1016995614035086,71.61458333333333,38,E
60372200003,0.2215277777777778,1.1,24,E
60372200004,0.18333333333333324,0.18333333333333332,22,C
60372200005,3.279629629629627,55.0,18,C
60372201001,0.44400000000000006,1.1,25,E
60372201002,0.18333333333333326,0.18333333333333332,15,E
60372201003,0.6308823529411767,1.1,34,E
60372211101,10.379487179487178,55.0,13,D
60372211102,1.0068783068783071,3.0555555555555554,21,D
60372211201,0.5499999999999999,1.1,16,D
60372211202,4.957333333333333,55.0,25,D
60372212101,7.188596491228072,55.0,19,D
60372212102,5.220870870870871,55.0,37,C
60372212201,1.5714285714285714,3.0555555555555554,14,D
60372212202,2.3884259259259264,11.0,36,E
60372213021,3.5807291666666665,11.0,32,C
60372213022,7.817521367521367,55.0,26,C
60372213031,7.9311594202898545,11.0,23,C
60372213032,4.1697154471544735,55.0,82,C
60372213041,4.253333333333333,11.0,15,C
60372213042,7.1081871345029235,11.0,19,C
60372214011,2.5472222222222216,5.5,22,C
60372214012,3.7935897435897443,11.0,13,C
60372214021,5.866666666666666,11.0,18,C
60372214022,3.1224867724867726,11.0,21,C
60372215001,2.561352657004831,11.0,23,C
60372215002,1.3283625730994155,3.0555555555555554,19,C
60372216011,11.034920634920635,55.0,28,D
60372216012,2.801944444444444,11.0,20,C
60372216021,4.700241545893719,11.0,23,D
60372216022,10.914444444444442,55.0,65,D
60372217101,3.9689189189189196,11.0,37,D
60372217102,1.0247863247863245,3.0555555555555554,13,D
60372218101,7.731646825396824,71.61458333333333,21,C
60372218102,4.427848101265822,11.0,79,C
60372218201,33.0,55.0,2,C
60372218202,1.0482905982905981,3.0555555555555554,13,C
60372219001,7.333333333333334,11.0,16,C
60372219002,0.18333333333333332,0.18333333333333332,12,C
60372220011,2.049572649572649,5.5,26,D
60372220012,2.116666666666667,55.0,33,D
60372220021,1.3750000000000002,5.5,10,D
60372220022,0.2991228070175439,0.7333333333333333,19,D
60372220023,0.18333333333333324,0.18333333333333332,18,D
60372220024,0.7562500000000002,5.5,32,D
60372221001,0.8462962962962965,3.0555555555555554,33,C
60372221002,2.5268115942028992,11.0,23,C
60372221003,0.7104166666666666,1.1,16,C
60372222001,3.4743464052287583,11.0,34,C
60372222002,1.6805555555555551,5.5,26,C
60372225001,2.31,5.5,10,D
60372225002,0.9166666666666669,11.0,22,D
60372225003,4.415942028985508,11.0,23,D
60372226001,7.204999999999998,55.0,10,D
60372226002,18.20866666666667,55.0,25,D
60372226003,0.18333333333333326,0.18333333333333332,15,D
60372227001,15.88888888888889,55.0,9,E
60372240101,4.732558139534882,11.0,43,E
60372240102,2.5210922787193963,11.0,59,E
60372240201,4.083333333333335,11.0,22,E
60372240202,1.827222222222223,5.5,30,D
60372242001,5.052666666666666,11.0,25,C
60372242002,9.62962962962963,55.0,66,C
60372243101,1.1733333333333331,2.2,10,C
60372243102,9.459999999999999,11.0,10,C
60372243201,1.7836805555555555,11.0,16,C
60372243202,8.25,11.0,12,C
60372244101,5.1915343915343914,11.0,21,C
60372244102,8.512777777777778,55.0,20,C
60372244201,9.379918981481483,71.61458333333333,12,D
60372244202,5.394636015325669,11.0,58,C
60372246001,7.134057971014493,55.0,23,D
60372246002,4.90925925925926,11.0,27,D
60372260011,3.4980842911877392,11.0,29,E
60372260021,15.023170289855072,71.61458333333333,115,E
60372260022,27.51273148148148,71.61458333333333,9,E
60372264101,3.9958031400966165,71.61458333333333,23,D
60372264102,1.882804232804233,11.0,21,D
60372264201,1.4452777777777783,11.0,20,D
60372264202,6.175132275132274,55.0,21,D
60372264203,1.097555555555556,3.0555555555555554,25,D
60372270101,4.014999999999997,55.0,40,D
60372270102,39.35496794871795,71.61458333333333,13,D
60372270201,0.7265432098765433,1.1,27,D
60372270202,0.8479166666666665,1.1,16,D
60372281001,6.041269841269842,55.0,21,E
60372281002,0.709677419354839,1.1,31,D
60372281003,0.7608333333333331,1.1,20,E
60372282101,1.3583333333333336,11.0,22,D
60372282102,0.72741935483871,1.1,31,D
60372282201,0.9166666666666666,1.1,10,D
60372282202,0.7333333333333332,1.1,15,D
60372282203,0.9871794871794871,1.1,13,D
60372283101,6.875,55.0,20,D
60372283102,1.5400000000000003,5.5,15,D
60372283103,7.295138888888889,11.0,16,D
60372283201,0.9865079365079364,3.0555555555555554,7,D
60372283202,3.0555555555555554,3.0555555555555554,8,D
60372284101,1.0633333333333332,1.1,10,D
60372284102,1.2527777777777778,5.5,12,D
60372284201,5.398148148148149,11.0,12,D
60372284202,1.729444444444445,5.5,30,D
60372285001,1.986111111111111,5.5,22,D
60372285002,2.272222222222222,11.0,33,D
60372285003,1.2666666666666666,3.0555555555555554,11,D
60372286001,0.7887152777777782,3.0555555555555554,32,D
60372286002,1.8753472222222223,5.5,32,D
60372287101,0.8439939939939943,3.0555555555555554,37,D
60372287102,1.1584541062801936,3.0555555555555554,23,D
60372287201,1.0354938271604937,3.0555555555555554,18,D
60372287202,1.038888888888889,3.0555555555555554,16,D
60372287203,0.916666666666667,1.1,28,D
60372288001,16.150793650793652,55.0,7,D
60372288002,0.77,1.1,10,D
60372288003,0.9246376811594206,2.2,23,E
60372289001,10.807936507936509,55.0,21,D
60372289002,30.12013888888889,71.61458333333333,9,E
60372291001,0.8291666666666672,2.2,44,D
60372291002,0.7142361111111113,3.0555555555555554,32,D
60372292001,0.9854166666666667,5.5,24,D
60372292002,0.6628205128205132,1.1,39,D
60372293001,5.925925925925924,55.0,33,D
60372293002,3.3865740740740744,11.0,24,D
60372293003,1.7966666666666669,11.0,25,D
60372294101,0.8922222222222225,5.5,30,D
60372294102,4.24722222222222,55.0,28,D
60372294201,0.539814814814815,2.2,36,D
60372294202,3.468468468468468,11.0,37,D
60372311001,4.661904761904762,11.0,7,D
60372311002,13.590729166666666,71.61458333333333,20,D
60372312101,0.18333333333333326,0.18333333333333332,15,C
60372312102,18.252361111111114,71.61458333333333,20,C
60372312201,22.486538461538455,71.61458333333333,13,C
60372312202,70.23003472222223,71.61458333333333,12,E
60372314001,22.75226449275363,71.61458333333333,23,C
60372314002,0.9945833333333338,2.2,40,C
60372314003,1.1065476190476193,2.2,28,C
60372315001,2.2071059431524547,11.0,43,C
60372315002,0.8666666666666668,1.1,22,C
60372315003,1.9249999999999998,11.0,18,C
60372317101,15.473333333333334,55.0,5,C
60372317102,25.727777777777778,55.0,12,C
60372317103,13.588235294117647,55.0,17,C
60372317201,11.0,11.0,18,C
60372317202,9.748095238095239,11.0,70,C
60372317203,2.5462962962962967,11.0,18,C
60372318001,7.115079365079366,11.0,14,C
60372318002,0.9376736111111115,3.0555555555555554,32,C
60372318003,4.666666666666667,11.0,11,C
60372321101,10.75,11.0,22,C
60372321102,14.39166666666667,55.0,20,C
60372321201,12.853703703703705,55.0,9,C
60372321202,0.5703703703703704,1.1,18,C
60372321203,9.85,11.0,33,C
60372322001,31.922916666666662,71.61458333333333,5,C
60372322002,14.499702380952382,71.61458333333333,14,C
60372322003,0.8653333333333335,2.2,25,C
60372323001,6.2479166666666615,71.61458333333333,33,C
60372323002,1.1141025641025644,2.2,26,C
60372323003,9.877083333333331,71.61458333333333,22,C
60372325001,0.8837606837606842,1.1,39,C
60372325002,0.39032258064516145,2.2,31,C
60372325003,0.23974358974358978,0.55,26,C
60372325004,0.18333333333333332,0.18333333333333332,27,C
60372328001,3.5991228070175434,11.0,19,C
60372328002,15.431294802867384,71.61458333333333,31,C
60372342001,0.18333333333333335,0.18333333333333332,34,E
60372342002,1.8253623188405796,11.0,23,A
60372342003,5.562857142857143,11.0,35,E
60372345011,3.216820987654321,11.0,36,C
60372345012,4.73611111111111,11.0,46,B
60372345021,0.23086419753086423,1.1,27,C
60372345022,0.2152173913043478,0.55,23,C
60372345023,4.1078125000000005,71.61458333333333,36,B
60372346001,0.45375000000000004,1.1,40,C
60372346002,0.3797619047619048,1.1,28,B
60372346003,0.34301075268817205,0.7333333333333333,31,B
60372346004,2.3078431372549026,11.0,51,B
60372347001,0.1833333333333333,0.18333333333333332,25,C
60372347002,0.26736111111111116,2.2,24,C
60372347003,4.918115942028986,55.0,23,C
60372347004,11.718504901960785,71.61458333333333,17,C
60372348001,0.18333333333333326,0.18333333333333332,23,C
60372348002,2.828935185185187,71.61458333333333,27,C
60372348003,0.1833333333333333,0.18333333333333332,26,D
60372348004,0.18333333333333332,0.18333333333333332,29,C
60372349011,20.428776041666666,71.61458333333333,16,C
60372349012,44.48125,71.61458333333333,15,C
60372349021,34.51440972222222,71.61458333333333,12,D
60372349022,0.1833333333333333,0.18333333333333332,26,C
60372349023,68.84548611111113,71.61458333333333,12,C
60372351001,0.5284313725490196,11.0,34,C
60372351002,0.2037037037037038,0.55,36,C
60372351003,0.2488095238095238,1.1,28,B
60372351004,14.480877976190476,71.61458333333333,28,B
60372352011,0.5696428571428571,11.0,28,C
60372352012,9.63448275862069,55.0,29,B
60372352013,0.18333333333333332,0.18333333333333332,29,C
60372352021,65.03309294871794,71.61458333333333,26,D
60372352022,7.007545045045049,71.61458333333333,37,B
60372352023,3.754895833333335,71.61458333333333,20,A
60372362031,33.628571428571426,55.0,7,E
60372362032,1.5935897435897444,2.2,39,E
60372362041,9.923123123123123,55.0,37,E
60372362042,1.997111111111112,3.0555555555555554,25,E
60372364001,3.405555555555557,55.0,33,E
60372364002,0.8414529914529917,5.5,39,E
60372364003,9.18792270531401,55.0,23,E
60372371011,6.015625,11.0,16,C
60372371012,0.488888888888889,1.1,24,C
60372371013,4.390542328042329,11.0,84,C
60372371014,0.6628205128205129,1.1,13,C
60372371021,3.4099999999999993,11.0,25,C
60372371022,1.7565079365079361,5.5,35,C
60372372011,9.552976190476192,71.61458333333333,21,C
60372372012,1.2198717948717948,11.0,26,C
60372372013,0.18333333333333324,0.18333333333333332,21,C
60372372021,0.18333333333333326,0.18333333333333332,15,C
60372372022,0.2512345679012346,1.1,27,E
60372372023,0.4631578947368422,5.5,19,C
60372372024,4.161111111111111,55.0,33,E
60372373001,0.6416666666666668,11.0,28,C
60372373002,0.18333333333333335,0.18333333333333332,34,C
60372373003,12.219821428571427,71.61458333333333,35,C
60372373004,0.18333333333333335,0.18333333333333332,33,C
60372373005,0.7842592592592594,11.0,18,C
60372374011,0.18333333333333326,0.18333333333333332,24,C
60372374012,2.229423868312756,11.0,27,C
60372374013,0.18333333333333332,0.18333333333333332,29,C
60372374021,1.0694444444444446,5.5,24,C
60372374022,0.1833333333333333,0.18333333333333332,25,C
60372374023,0.7480842911877396,5.5,29,C
60372375001,2.276388888888889,11.0,32,C
60372375002,2.452592592592593,3.0555555555555554,15,C
60372376001,4.787037037037037,55.0,24,C
60372376002,3.859649122807018,11.0,19,C
60372376003,5.98015873015873,11.0,14,C
60372376004,2.7805555555555563,5.5,12,C
60372377101,0.18333333333333335,0.18333333333333332,32,C
60372377102,4.621527777777777,11.0,32,C
60372377201,0.18333333333333324,0.18333333333333332,19,C
60372377202,7.072592592592593,55.0,30,C
60372378001,2.492911877394636,11.0,29,C
60372378002,3.6666666666666674,11.0,27,C
60372378003,0.988562091503268,11.0,17,E
60372378004,0.4046546546546548,5.5,37,B
60372379001,0.3397058823529412,5.5,34,B
60372379002,0.5213541666666668,11.0,32,B
60372379003,0.1833333333333333,0.18333333333333332,25,B
60372379004,0.5993589743589746,11.0,26,B
60372380001,1.0770833333333334,11.0,24,B
60372380002,1.58623188405797,11.0,23,B
60372380003,0.3177777777777779,2.2,30,B
60372380004,0.7544871794871795,1.1,26,E
60372380005,58.48046875,71.61458333333333,16,E
60372380006,0.2130630630630631,0.7333333333333333,37,B
60372381001,2.167534722222223,71.61458333333333,36,B
60372381002,5.403968253968254,55.0,21,B
60372381003,3.040583333333334,71.61458333333333,25,B
60372381004,0.18333333333333335,0.18333333333333332,33,B
60372382001,0.48228228228228237,5.5,37,B
60372382002,5.011111111111112,55.0,18,C
60372382003,2.298717948717947,11.0,26,B
60372382004,0.4756756756756757,11.0,37,B
60372383101,5.110416666666668,11.0,24,C
60372383102,7.318666666666667,11.0,25,C
60372383201,9.35,11.0,20,C
60372383202,14.384615384615385,55.0,13,C
60372383203,19.659226190476186,71.61458333333333,7,C
60372384001,21.143995098039216,71.61458333333333,17,B
60372384002,19.606089743589735,71.61458333333333,39,B
60372384003,34.29642857142856,71.61458333333333,28,B
60372384004,7.589035087719301,55.0,38,E
60372392011,5.988888888888891,11.0,15,C
60372392012,3.8761904761904753,11.0,14,C
60372392013,9.283159722222223,71.61458333333333,12,C
60372392021,9.335897435897438,55.0,52,E
60372392022,3.4374999999999996,11.0,8,C
60372392023,0.7447916666666667,1.1,16,C
60372393101,10.615972222222222,71.61458333333333,11,C
60372393102,6.99561403508772,11.0,19,C
60372393103,15.132161458333332,71.61458333333333,16,C
60372393201,5.591666666666668,11.0,22,C
60372393202,8.5,11.0,22,C
60372393301,39.78078703703703,71.61458333333333,9,E
60372393302,23.84097222222222,71.61458333333333,15,C
60372395011,0.8666666666666668,1.1,22,C
60372395012,0.49607843137254914,5.5,17,C
60372395013,0.18333333333333326,0.18333333333333332,23,C
60372395021,0.817948717948718,1.1,26,C
60372395022,0.38499999999999995,1.1,10,C
60372395023,0.18333333333333324,0.18333333333333332,21,C
60372396011,4.644444444444444,11.0,21,C
60372396012,3.375862068965518,11.0,29,C
60372396021,0.8817460317460317,1.1,21,C
60372396022,11.375396825396827,55.0,21,C
60372397011,0.7401234567901235,1.1,27,C
60372397012,1.3372549019607847,11.0,17,C
60372397021,9.55952380952381,55.0,7,C
60372397022,25.69449404761904,71.61458333333333,14,C
60372397023,0.18333333333333332,0.18333333333333332,9,C
60372398011,0.7652173913043478,1.1,23,C
60372398012,1.080701754385965,2.2,19,C
60372398013,18.98103070175439,71.61458333333333,19,C
60372398021,3.892395833333334,71.61458333333333,20,C
60372398022,15.036029411764707,71.61458333333333,17,C
60372398023,8.120138888888889,71.61458333333333,9,C
60372398024,11.072187500000002,71.61458333333333,20,C
60372400101,59.036607142857136,71.61458333333333,7,C
60372400102,13.170833333333336,71.61458333333333,11,C
60372400201,8.51452380952381,71.61458333333333,35,C
60372400202,0.18333333333333335,0.18333333333333332,31,C
60372400203,0.796354166666667,1.1,32,C
60372402001,45.71875,71.61458333333333,17,C
60372402002,5.277540650406506,71.61458333333333,41,C
60372402003,24.408159722222223,71.61458333333333,12,C
60372404011,0.6416666666666667,5.5,28,C
60372404012,3.274537037037037,11.0,24,C
60372404013,3.1804347826086947,11.0,23,C
60372404021,1.7526666666666662,11.0,25,C
60372404022,0.4155555555555556,1.1,30,C
60372404023,0.4473333333333334,1.1,25,B
60372405001,0.43717948717948735,1.1,26,C
60372405002,7.165277777777778,11.0,24,C
60372405003,2.4880952380952372,11.0,21,C
60372405004,2.729629629629629,11.0,18,C
60372406001,1.5529411764705885,5.5,17,C
60372406002,0.9166666666666665,1.1,15,C
60372406003,0.8904761904761909,2.2,28,C
60372406004,3.0524999999999998,11.0,20,C
60372407001,29.0503125,71.61458333333333,20,C
60372407002,0.18333333333333324,0.18333333333333332,18,E
60372407003,0.18333333333333335,0.18333333333333332,34,C
60372407004,4.536709770114943,71.61458333333333,29,C
60372407005,1.1,2.2,23,E
60372408001,22.740570175438595,71.61458333333333,19,C
60372408002,3.142227564102565,71.61458333333333,26,C
60372408003,0.7726190476190478,1.1,28,C
60372410011,13.116517857142858,71.61458333333333,14,C
60372410012,13.56666666666667,55.0,9,C
60372410013,1.1071895424836602,3.0555555555555554,17,D
60372410021,23.522812499999997,71.61458333333333,20,C
60372410022,0.18333333333333332,0.18333333333333332,2,D
60372410023,20.884134615384617,71.61458333333333,13,D
60372411101,0.7537037037037039,1.1,18,C
60372411102,0.7944444444444445,1.1,18,C
60372411201,4.526923076923077,11.0,13,C
60372411202,0.9379227053140099,3.0555555555555554,23,C
60372411203,1.388095238095238,5.5,7,C
60372411204,0.9981481481481482,11.0,18,C
60372412011,1.1073333333333337,3.0555555555555554,25,B
60372412012,1.8042328042328037,5.5,21,B
60372412013,0.6966666666666665,1.1,10,C
60372412021,1.2551282051282049,5.5,26,B
60372412022,0.3082125603864733,3.0555555555555554,23,B
60372412023,7.223333333333334,11.0,10,C
60372412024,3.0743589743589745,11.0,13,B
60372412025,1.1407407407407408,3.0555555555555554,9,B
60372413001,8.341666666666665,55.0,10,E
60372413002,3.693827160493827,11.0,27,E
60372414001,4.098809523809524,55.0,14,C
60372414002,9.535030864197532,71.61458333333333,27,C
60372420001,9.923958333333333,71.61458333333333,22,D
60372420002,4.752261904761904,71.61458333333333,35,E
60372420003,64.96875,71.61458333333333,10,D
60372421001,10.738095238095237,11.0,42,E
60372423001,19.844196428571433,71.61458333333333,28,D
60372423002,1.4666666666666672,11.0,15,E
60372423003,26.298511904761906,71.61458333333333,14,D
60372426001,1.1733333333333333,2.2,5,E
60372426002,71.61458333333333,71.61458333333333,7,D
60372426003,71.61458333333333,71.61458333333333,1,D
60372427001,37.979791666666664,71.61458333333333,10,D
60372427002,65.38411458333331,71.61458333333333,8,E
60372427003,18.041145833333335,71.61458333333333,12,E
60372431001,0.18333333333333335,0.18333333333333332,34,E
60372431002,22.505598958333334,71.61458333333333,16,D
60372431003,9.195089285714287,71.61458333333333,14,E
60372611021,3.370512820512821,5.5,13,E
60372612002,36.17395833333333,71.61458333333333,2,A
60372621001,71.61458333333333,71.61458333333333,1,A
60372621002,71.61458333333333,71.61458333333333,1,A
60372651002,58.322916666666664,71.61458333333333,5,E
60372679011,4.610727969348659,11.0,29,E
60372679012,3.9722222222222223,5.5,8,E
60372679022,5.286111111111111,11.0,8,A
60372679023,4.984375,11.0,16,A
60372690001,9.577638888888888,71.61458333333333,15,E
60372690002,13.933333333333334,55.0,19,A
60372690003,4.60906432748538,11.0,19,B
60372690004,3.7685185185185195,11.0,27,E
60372690005,1.3480392156862748,5.5,17,E
60372691001,0.8388888888888891,11.0,33,E
60372691002,0.6023809523809524,2.2,7,C
60372691003,4.041666666666665,11.0,22,E
60372691004,3.3192982456140347,11.0,19,C
60372693001,30.134210526315787,55.0,19,E
60372693002,5.4320987654321,55.0,27,A
60372693003,1.8577777777777769,11.0,30,E
60372693004,13.780208333333338,71.61458333333333,22,B
60372693005,0.8580000000000001,2.2,25,B
60372695001,1.8027777777777778,11.0,30,E
60372695002,0.18333333333333332,0.18333333333333332,29,E
60372695003,0.18333333333333343,0.18333333333333332,48,E
60372695004,0.18333333333333338,0.18333333333333332,36,E
60372696011,29.932638888888874,71.61458333333333,33,C
60372696012,5.664999999999998,55.0,10,C
60372696013,15.964322916666669,71.61458333333333,8,E
60372696021,5.919047619047619,11.0,14,C
60372696022,10.124074074074073,55.0,12,E
60372697001,10.5,11.0,22,C
60372697002,4.375555555555556,5.5,10,C
60372697003,0.5630952380952382,5.5,28,C
60372697004,3.361111111111112,11.0,27,C
60372698001,0.8494444444444448,2.2,30,B
60372698002,2.0709876543209873,11.0,18,C
60372699031,3.2266666666666666,11.0,20,D
60372699052,2.3448813982521823,5.5,89,C
60372699061,5.428837719298245,71.61458333333333,19,C
60372699071,5.6608187134502925,11.0,19,C
60372702001,1.4011904761904754,11.0,28,D
60372702002,1.6429487179487177,11.0,26,C
60372702003,2.4722222222222214,11.0,33,C
60372703001,9.76861111111111,71.61458333333333,15,C
60372703002,0.2994444444444445,0.7333333333333333,30,E
60372711001,1.8791666666666667,2.2,8,E
60372717021,1.3953703703703704,3.0555555555555554,6,E
60372717023,1.0354938271604939,3.0555555555555554,18,E
60372718011,2.525925925925926,11.0,18,E
60372718012,31.922916666666662,71.61458333333333,5,E
60372731002,0.18333333333333332,0.18333333333333332,1,C
60372731003,2.9791666666666665,11.0,4,E
60372732001,3.0555555555555554,3.0555555555555554,1,D
60372732002,1.2680555555555555,3.0555555555555554,4,D
60372732003,4.558888888888889,11.0,5,D
60372732004,3.086111111111111,5.5,4,D
60372733001,3.0555555555555554,3.0555555555555554,3,D
60372733002,0.55,0.55,1,D
60372733003,37.33506944444444,71.61458333333333,2,D
60372736001,0.55,0.55,2,D
60372737002,4.277777777777778,11.0,3,C
60372737003,3.0555555555555554,3.0555555555555554,1,C
60372738001,1.6041666666666667,5.5,4,E
60372739021,3.0555555555555554,3.0555555555555554,1,D
60372739025,71.61458333333333,71.61458333333333,1,E
60372741001,71.61458333333333,71.61458333333333,1,E
60372741002,6.401388888888889,11.0,4,D
60372742022,55.0,55.0,1,E
60372751011,55.0,55.0,1,C
60372751021,11.0,11.0,1,C
60372760001,3.612345679012348,55.0,27,E
60372760002,2.310852713178296,11.0,43,E
60372760003,4.533446712018139,55.0,49,E
60372760004,0.48238770685579213,11.0,47,E
60372760005,2.9543402777777787,11.0,32,E
60372764001,0.18333333333333335,0.18333333333333332,32,E
60372764002,0.18333333333333338,0.18333333333333332,36,E
60372764003,0.2234375000000001,1.1,32,E
60372764004,0.1833333333333333,0.18333333333333332,26,E
60372764005,0.18333333333333326,0.18333333333333332,23,E
60372765001,2.980843495934961,71.61458333333333,41,E
60372765002,6.3947463768115975,71.61458333333333,23,E
60372766011,7.892881944444446,71.61458333333333,12,E
60372766012,18.853869047619053,71.61458333333333,28,E
60372766013,1.8333333333333333,2.2,18,E
60372770001,0.42916666666666675,11.0,44,E
60372770002,0.23157894736842102,1.1,19,E
60372770003,40.138172043010755,71.61458333333333,31,E
60372770004,0.18333333333333332,0.18333333333333332,28,E
60372770005,0.5438888888888889,11.0,30,E
60372771001,1.0567750677506762,11.0,41,E
60372771002,0.18333333333333335,0.18333333333333332,33,E
60372771003,0.1833333333333334,0.18333333333333332,45,E
60372772001,1.6097560975609764,5.5,41,E
60372772002,6.968894675925923,71.61458333333333,48,E
60372774001,33.0,55.0,2,E
60372774002,7.333333333333333,11.0,3,E
60372780011,1.602173913043479,11.0,46,E
60372780012,0.7993993993993996,3.0555555555555554,37,E
60372911101,14.993916666666667,71.61458333333333,25,E
60372911102,5.280000000000002,55.0,15,E
60372911201,67.41274509803921,71.61458333333333,17,E
60372911301,61.04166666666666,71.61458333333333,11,E
60372911302,0.18333333333333332,0.18333333333333332,2,E
60372942002,0.18333333333333332,0.18333333333333332,1,D
60372949001,3.0555555555555554,3.0555555555555554,1,E
60372951032,0.55,0.55,2,E
60372962202,7.333333333333333,11.0,3,D
60372962203,3.0555555555555554,3.0555555555555554,2,D
60372963001,11.0,11.0,1,E
60372964011,24.482638888888886,71.61458333333333,3,E
60372964021,1.1,1.1,1,D
60372964022,71.61458333333333,71.61458333333333,1,E
60372969021,9.166666666666666,11.0,3,D
60372969022,13.603333333333333,55.0,5,C
60372969023,0.18333333333333332,0.18333333333333332,1,C
60372971101,11.0,11.0,2,D
60372971201,3.0555555555555554,3.0555555555555554,1,D
60372972011,0.55,0.55,1,D
60372972012,0.6722222222222222,0.7333333333333333,3,D
60372972021,4.277777777777778,11.0,3,C
60372972022,11.0,11.0,1,C
60372972023,5.775,11.0,2,C
60372973001,1.8791666666666669,5.5,4,E
60372974001,71.61458333333333,71.61458333333333,1,E
60372974002,54.42135416666666,71.61458333333333,8,E
60372974003,71.61458333333333,71.61458333333333,2,E
60372976021,0.18333333333333332,0.18333333333333332,1,D
60372976022,11.0,11.0,1,D
60379800091,36.80416666666667,71.61458333333333,7,E
60379800101,25.80516304347826,71.61458333333333,46,E
60379800141,0.5041666666666667,0.7333333333333333,4,E
60379800281,42.42719298245615,71.61458333333333,19,E
